<application>
  <component name="CodotaSettings">
    <option name="methodCompletionsPercentageSet" value="true" />
    <option name="id" value="d13d41f8-591d-494c-8828-8644fd621df3" />
    <option name="wasRunBefore" value="true" />
    <option name="firstRun" value="1558028955245" />
    <option name="generation" value="23" />
    <option name="updateGeneration" value="1" />
    <option name="isMethodCompletionsPercentageActive" value="true" />
    <option name="isMethodCompletionsPercentageSet" value="true" />
  </component>
</application>