<application>
  <component name="SonarLintGlobalSettings">
    <option name="autoTrigger" value="false" />
    <option name="sonarQubeServers">
      <list>
        <SonarQubeServer>
          <option name="hostUrl" value="http://localhost:9000" />
          <token>df92dfc8dfc9dfc8df9cdfc8df9ddf98dfcfdf9fdf9cdf9fdf9fdfcfdfcedf9cdfc8dfcbdfc9df9fdf9adfccdf9adf9fdf9bdf9ddf9edf9edf9edfc8df92df9cdf9cdfc8df99dfc9df9ddf9fdf92dfc8</token>
          <option name="name" value="Sonar Local" />
          <organizationKey>default-organization</organizationKey>
        </SonarQubeServer>
      </list>
    </option>
  </component>
</application>