<application>
  <component name="GitRememberedInputs">
    <option name="visitedUrls">
      <list>
        <UrlAndUserName>
          <option name="url" value="http://github.com" />
          <option name="userName" value="jotajr" />
        </UrlAndUserName>
        <UrlAndUserName>
          <option name="url" value="https://j.freitas.junior@innersource.accenture.com/scm/cgarq/batchservice.git" />
          <option name="userName" value="" />
        </UrlAndUserName>
        <UrlAndUserName>
          <option name="url" value="http://innersource.accenture.com" />
          <option name="userName" value="j.freitas.junior" />
        </UrlAndUserName>
      </list>
    </option>
    <option name="cloneParentDir" value="C:\Users\j.freitas.junior\Documents\Accenture\Arquitetura" />
  </component>
  <component name="Vcs.Log.App.Settings">
    <option name="COLUMN_ORDER">
      <list>
        <option value="0" />
        <option value="1" />
        <option value="2" />
        <option value="3" />
      </list>
    </option>
  </component>
</application>